lat,lon,date,hour,temperature,precipitation,weather_code,cloud_cover,wind_speed
52.48701060686122,13.386111835989743,2023-03-18,13,14.7,0.0,3,99,10.6
52.48701060686122,13.386111835989743,2023-03-18,14,16.3,0.0,3,97,8.6
52.48701060686122,13.386111835989743,2023-03-18,15,17.1,0.0,1,48,9.4
52.53294667367885,13.379864259186697,2023-03-22,9,8.8,0.0,3,100,13.5
52.53294667367885,13.379864259186697,2023-03-22,10,10.0,0.0,3,98,14.0
52.53324625225278,13.378927248974444,2023-03-30,9,9.7,0.0,3,100,15.9
52.532705928643736,13.380430571531175,2023-04-25,9,8.1,0.0,3,100,19.9
52.532705928643736,13.380430571531175,2023-04-25,10,8.2,0.0,3,98,20.2
52.532705928643736,13.380430571531175,2023-04-25,11,8.9,0.0,1,48,19.6
52.532705928643736,13.380430571531175,2023-04-25,12,10.4,0.0,3,93,22.5
52.51049444049024,13.401678575088345,2023-04-28,9,9.0,0.0,3,100,14.0
52.51049444049024,13.401678575088345,2023-04-28,10,10.6,0.0,3,100,16.3
52.532649903120785,13.380220450826444,2023-04-28,9,8.9,0.0,3,100,13.8
52.53297417126863,13.379861698400484,2023-05-03,9,8.4,0.0,0,12,9.2
52.53471353936823,13.385079728108106,2023-05-05,15,18.5,0.0,3,100,23.0
52.53461505274202,13.380762110592444,2023-05-05,9,12.1,0.0,3,98,21.5
52.521337338605115,13.369997908942135,2023-05-12,18,20.9,0.0,2,79,18.9
52.53283309686965,13.380069464469772,2023-05-12,8,13.7,0.0,0,0,15.9
52.53283309686965,13.380069464469772,2023-05-12,9,15.4,0.0,0,0,17.1
52.49934375502224,13.446326428376917,2023-05-16,17,16.0,0.0,3,100,16.7
52.49934375502224,13.446326428376917,2023-05-16,18,15.4,0.0,3,100,21.1
52.523288720442835,13.416504874545604,2023-06-17,12,20.1,0.4,51,100,10.9
52.523288720442835,13.416504874545604,2023-06-17,13,20.8,0.3,51,100,12.6
52.52510400955877,13.39283707885239,2023-07-11,13,27.5,0.0,2,50,9.7
52.509069409906786,13.378943201334517,2023-07-11,11,25.6,0.0,3,96,8.6
52.509069409906786,13.378943201334517,2023-07-11,12,26.6,0.0,1,21,9.3
52.542490393994576,13.426489244911734,2023-07-13,16,25.5,0.0,1,28,19.8
52.542490393994576,13.426489244911734,2023-07-13,17,25.0,0.0,2,60,21.3
52.542490393994576,13.426489244911734,2023-07-13,18,24.1,0.0,1,36,21.6
52.53196409268108,13.42767588908535,2023-07-16,9,22.5,0.1,51,9,24.9
52.53196409268108,13.42767588908535,2023-07-16,10,23.7,0.0,0,13,22.1
52.53196409268108,13.42767588908535,2023-07-16,11,24.9,0.0,0,9,20.6
52.53196409268108,13.42767588908535,2023-07-16,12,26.1,0.0,0,19,20.7
52.53196409268108,13.42767588908535,2023-07-16,13,26.8,0.0,1,21,21.7
52.5889269001485,13.28626819771966,2023-08-03,11,21.5,0.0,0,14,28.2
52.5889269001485,13.28626819771966,2023-08-03,12,22.5,0.0,0,16,27.3
52.55756564578418,13.46648208169469,2023-08-05,11,19.6,0.0,3,100,8.7
52.55756564578418,13.46648208169469,2023-08-05,12,20.5,0.0,3,100,5.9
52.55756564578418,13.46648208169469,2023-08-05,13,21.0,0.1,51,99,4.1
52.55756564578418,13.46648208169469,2023-08-05,14,20.6,0.1,51,99,5.5
52.55756564578418,13.46648208169469,2023-08-05,15,20.8,0.0,3,100,2.2
52.55756564578418,13.46648208169469,2023-08-05,16,21.0,0.0,3,100,2.7
52.54415510802023,13.546837049109294,2023-08-08,14,16.2,0.5,53,62,25.2
52.54415510802023,13.546837049109294,2023-08-08,15,19.0,0.1,51,25,28.7
52.54415510802023,13.546837049109294,2023-08-08,16,19.4,0.0,1,27,25.9
52.54793488616422,13.45094577038288,2023-08-28,8,14.1,0.0,3,99,11.1
52.54793488616422,13.45094577038288,2023-08-28,9,15.4,0.0,3,100,14.7
52.54793488616422,13.45094577038288,2023-08-28,10,17.0,0.0,2,77,16.7
52.54793488616422,13.45094577038288,2023-08-28,11,18.4,0.0,3,100,17.2
52.392306,13.066666,2023-09-17,11,21.8,0.0,3,80,3.0
52.392306,13.066666,2023-09-17,12,23.4,0.0,3,93,3.2
52.392306,13.066666,2023-09-17,13,24.7,0.0,3,99,2.4
52.392306,13.066666,2023-09-17,14,25.8,0.0,1,31,3.6
52.392306,13.066666,2023-09-17,15,26.1,0.0,0,16,3.7
52.392306,13.066666,2023-09-17,16,26.1,0.0,0,7,4.1
52.392306,13.066666,2023-09-17,17,25.8,0.0,0,6,5.5
52.559539,13.476144,2023-11-10,7,7.7,0.0,3,98,17.6
52.559539,13.476144,2023-11-10,8,7.2,0.0,3,100,15.6
52.559539,13.476144,2023-11-10,9,7.3,0.0,3,100,14.8
52.548544,13.383242,2024-01-19,11,-1.0,0.0,1,20,23.9
52.548544,13.383242,2024-01-19,12,0.4,0.0,0,10,24.5
52.548544,13.383242,2024-01-19,13,1.1,0.0,0,0,23.9
52.526583,13.372546,2024-01-19,13,1.1,0.0,0,0,23.9
52.571075,13.401255,2024-03-12,10,7.6,0.0,3,100,7.5
52.571075,13.401255,2024-03-12,11,9.9,0.0,3,99,7.1
52.571075,13.401255,2024-03-12,12,11.5,0.0,3,100,7.3
52.525304,13.420258,2024-03-26,10,6.7,0.0,3,100,17.1
52.525304,13.420258,2024-03-26,11,8.5,0.0,3,100,17.9
52.525304,13.420258,2024-03-26,12,10.1,0.0,3,100,21.4
52.537781,13.569829,2024-03-31,14,18.8,0.0,2,73,10.1
52.537781,13.569829,2024-03-31,15,18.7,0.0,3,99,4.5
52.537781,13.569829,2024-03-31,16,18.9,0.0,3,100,7.9
52.537781,13.569829,2024-03-31,17,18.5,0.0,3,100,11.5
52.510519,13.4178,2024-04-30,17,25.9,0.0,1,35,14.6
52.510519,13.4178,2024-04-30,18,25.0,0.0,1,42,13.0
52.44552,13.448315,2024-05-27,10,20.2,0.0,3,100,8.0
52.44552,13.448315,2024-05-27,11,21.4,0.0,3,100,6.3
52.44552,13.448315,2024-05-27,12,22.1,0.0,3,100,6.5
52.44552,13.448315,2024-05-27,13,22.2,0.0,3,100,5.3
52.546804,13.453466,2025-01-12,13,-0.1,0.0,3,92,10.4
52.546804,13.453466,2025-01-12,14,0.3,0.0,3,96,10.8
52.546804,13.453466,2025-01-12,15,1.1,0.0,3,88,8.7
52.546804,13.453466,2025-01-12,16,0.9,0.0,2,72,8.5
